F2000	F1853	CH3290	F2208	F1724	F2040	F2056	F2064	F1795	F1697	F1747	F1746	F2097	F1810	F1741	F2030	F2167	F1983	M70635118	M70638412	Vb20477	CH5666	CH5464	CH5695	CH4602	CH4916	CH5159	CH2639	CH2560	CH4745	CH4548	CH2591	CH2543	CH2657	CH3173	CH5193	CH4035	F1869	ESP068	ESP091	CH2608	CH4560	CH5174	CH2674	MHH17233	ESP053	MHH17441	PSAE2127	CH4418	CH5052	CH5688	CH2748	PSAE2139	CH2675	CH2699	CH3648	CH5022							
F1979																																																															
CH4489																																																															
CH5596	ESP028																																																														
CH5591	F2073	CH2665	CH4877	ZG5021922	CH2705																																																										
CH3797																																																															
CH5334	MHH15103	MHH16727	MHH14911	ZG5048010	ZG8006959	ESP020	F2045	F1754	MHH1525																																																						
F1801	F1659	ZG316704	MHH16530	MHH16563	CH4634	CH2672	ESP070	CH5267																																																							
F1957																																																															
CH2734	ESP037	CH2730	CH2685	PSAE1641	PSAE1645																																																										
CH2677	CF592 Iso2	F1862	ZG301975	PSAE1656	PSAE1649	PSAE1642	PSAE1651	PSAE1647	PSAE1654	PSAE1837	PSAE1635																																																				
M70663247	F2044	CH2687																																																													
CH5528	MHH16951	M70564993																																																													
ESP031																																																															
ZG316722	CH4862																																																														
Vb3320	CH2922	ESP076	ESP075																																																												
ESP046																																																															
ZG302383	CH5462	ESP050	ESP033	ESP015																																																											
CH2824																																																															
ESP002																																																															
ESP003	ESP004																																																														
ESP077																																																															
CH4433																																																															
F2119	ESP043	F1864	CH3484	MHH15275	RefCln UCBPP-PA14	ZG02512057	ESP021	CH2829	F2003	F2020	CH4757	ZG314738	MHH1883	CH3462	ZG302442	CH2500	ZG02488718	CH2713	MHH15204																																												
ZG8038581181																																																															
ESP034																																																															
ESP039	ESP040																																																														
CH5206	CH4684																																																														
CH5387																																																															
CH4780																																																															
ESP013	ESP012																																																														
ESP032	CH5432	CH5291	CH2764																																																												
RefCln PAK	CH5550	MHH0927																																																													
CH4766	CH2658	MHH0147	F1764	CH5353	ESP023	PSAE2325	PSAE2126																																																								
ZG316694	F1759	CH4878	CH4446	F2075	RefCln LESB58	MHH15151	F1968	CH5362	MHH14990	RefCln PAO1	CH2718	ESP058	CH4681	CH3466	ESP022	F1787	CH3570	CH4591	F2205	F2128	F2084	F2081	F1706	F1748	F2065	F2093	ZG302359	CH3882	F2230	F2010	ZG314696																																
CH2756	PSAE1975	PSAE2125	CH2747	MS1	M70656672	CH4443	M70608424	M70604538	F1823	M70649365	ZG302431	M70641593	CH2875	CH4990	F2006	F2017	F2035	F2234	F2165	F2148	F2166	F2137	F1758	MHH17247	ESP055	MHH15015	PSAE1970	F2034	F1883	F1880	CF609 Iso3	ESP024	MHH14929	PSAE1984	ESP060	ESP011	MHH0426	ESP084	ESP064	ESP069	ESP078	CH4520	CH4785	MHH15083	F2240	ESP061	F2199	F1745	F2235	F1712	F1798	F1796	F2059	F2055	ESP082	ESP088	ESP074	ESP071	ESP083	ESP066	ESP047	ESP063	ESP079
CH5638	ZG302432	ESP038	MHH17546	CH5548	MHH15817	F2176	F2054	ZG5051896	F1812	F1752	F1760	F1821	F1789	MHH17783	F2005	F1997	M70646050	CH4703	M70563004	CH5356	ZG302451	F1800	M70640096	PSAE1934	MHH0985	CH4411	RefCln C-NN2	CH4549	CH4733	CH2527	CH2682	MHH15187																															
ESP027	F2172	CH4438	CH4509	CH2522																																																											
ESP073	ESP072	F1727	CH5363	F2236	F1775	CH2598	CH2707	ESP081	ESP029																																																						
CH3325	CH2706	ZG205565	M70565254	ZG302370	PSAE1872	PSAE1630	ZG205694																																																								
CH5621	CH3549	PSAE1401	PSAE1439	PSAE1438	F1763	F1757	CH5551	CH2623	PSAE1742	ZG5089456	ZG8510487	ZG8525123	F2098	ZG205864	M70646077	CH4914	CH2698	ZG322541	PSAE1745	CH3613																																											
CH4704	ZG205710	CH3177	RefCln SCV20265	ESP006	F1688	F1689	CH2860	CH2660	ESP036	ZG02420619	MHH16798	MHH16379	MHH16610	MHH16513	M70639645	ZG316716	ZG314777	CH5262	RefCln DK2	ESP035	CH2939	MHH17767	CH2678	MHH16050	ZG302367	M70652746	CH2724	MS5	MS2	CH2848	CH4840	ZG5003493	CH2502	ZG302368																													
ESP044	M70647319	ESP067	MHH16459	CH5066	F1894	PSAE1912	F2029	MHH16371	MHH17501	CH5182	CH5597																																																				
CH2735	MHH15280	CH4528	CH5531	ESP057	ESP059																																																										
CH2597	ESP009	ESP025																																																													
MHH2419	M70565897	CH4891	PSAE1903	CH3906	CH4992	CH4755	CH4860	CH2582																																																							
CH4083	CH4584																																																														
CH2680	CH2690	CH5478	MHH16208	MHH16427																																																											
